[

  {
    "id": 4,
    "firstName": "Justyna",
    "lastName": "Kowalska",
    "dateOfBirth": "4.02.1976 14:37",
    "company": "XSolve",
    "note": 91
  },
  {
    "id": 2,
    "firstName": "Krzysztof",
    "lastName": "Krawczyk",
    "dateOfBirth": "28.10.1950 2:15",
    "company": "Chilid",
    "note": 100
  },{
  "id": 1,
  "firstName": "Jan",
  "lastName": "Kowalski",
  "dateOfBirth": "1.7.1990 11:35",
  "company": "XSolve",
  "note": 90
},
  {
    "id": 3,
    "firstName": "Bogusław",
    "lastName": "Linda",
    "dateOfBirth": "03.01.1963 23:10",
    "company": "XSolve",
    "note": 50
  },
  {
    "id": 5,
    "firstName": "Krzysztof",
    "lastName": "Kononowicz",
    "dateOfBirth": "10.10.1910 18:00",
    "company": "Chilid",
    "note": 77
  },
  {
    "id": 1232,
    "firstName": "Marek",
    "lastName": "Krawczykowy",
    "dateOfBirth": "28.10.2018 2:16",
    "company": "Chilid",
    "note": 90
  },
  {
    "id": 6,
    "firstName": "Maryla",
    "lastName": "Rodowicz",
    "dateOfBirth": "29.02.1936 11:35",
    "company": "XSolve",
    "note": 8
  }
]